02d66fbbbc21,4
02d66fbbbc21,5
02d66fbbbc21,13
0a1b2c3d4e5f,14
0a1b2c3d4e5f,17
0a64352b76e4,7
0a64352b76e4,10
0Bc8W5Dq4Fv2,1
0Bc8W5Dq4Fv2,2
0g6R3wKc9vJ8,1
0g6R3wKc9vJ8,2
0iAj2q9k7hYp,4
0iAj2q9k7hYp,8
0kL9nUe6rA8s,1
0kL9nUe6rA8s,2
13ziMlZ9dsT6,1
13ziMlZ9dsT6,2
14W86BmVUEox,2
14W86BmVUEox,13
14W86BmVUEox,16
1a2b3c4d5e0j,4
1a2b3c4d5e0j,13
1a2b3c4d5e1k,1
1a2b3c4d5e1k,2
1a2b3c4d5e2l,1
1a2b3c4d5e2l,2
1a2b3c4d5e3m,5
1a2b3c4d5e3m,16
1a2b3c4d5e4n,3
1a2b3c4d5e4n,16
1a2b3c4d5e5o,10
1a2b3c4d5e5o,14
1a2b3c4d5e7g,1
1a2b3c4d5e7g,2
1a2b3c4d5e8h,7
1a2b3c4d5e8h,10
1a2b3c4d5e9i,4
1a2b3c4d5e9i,13
1a2b3c4dabcd,4
1a2b3c4dabcd,8
1a5b6e2c8f3d,4
1a5b6e2c8f3d,16
1aWDFGTT5e6f,4
1aWDFGTT5e6f,13
1DeFgHiJkLmN,3
1DeFgHiJkLmN,8
1DeFgHiJkLmN,16
1e8b4c6d2f10,7
1e8b4c6d2f10,10
1e8b4c6d2f10,14
1fD2kV8m9xA7,8
1fD2kV8m9xA7,13
1fd3eebc9d6c,1
1fd3eebc9d6c,16
1GhJkLmN2pQr,3
1GhJkLmN2pQr,4
1k5F8qJ0cM3s,3
1k5F8qJ0cM3s,16
1L9fD5Z6b8Yq,1
1L9fD5Z6b8Yq,4
1L9fD5Z6b8Yq,13
1NfQ5yPx6vFw,3
1NfQ5yPx6vFw,4
1oh1wO8G0L0A,4
1oh1wO8G0L0A,8
1oPdF5Hj3QwY,1
1oPdF5Hj3QwY,2
1p8x6qf8w72X,4
1p8x6qf8w72X,8
1p8x6qf8w72X,13
1pL8Jd4Q5K9m,10
1pL8Jd4Q5K9m,14
1q2w3e4r5t6a,1
1q2w3e4r5t6a,2
1q2w3e4r5t6a,16
1qhKpCgf0Y2f,4
1qhKpCgf0Y2f,8
1QwErTyUiOp2,4
1QwErTyUiOp2,8
1sK8T5yQ9mJe,1
1sK8T5yQ9mJe,13
1TCL0YylW9km,4
1TCL0YylW9km,8
1TCL0YylW9km,13
1vH2jR4mE8fB,1
1vH2jR4mE8fB,2
1yH6fJ9kG8dD,14
1yH6fJ9kG8dD,17
1yUT32znPUDd,1
1yUT32znPUDd,13
207e5fa393e8,1
207e5fa393e8,13
26f9a3bc0153,7
26f9a3bc0153,10
2a3b4c5d6e7f,1
2a3b4c5d6e7f,2
2a3b4c5d6e7f,3
2aG5mK1yD9qR,5
2aG5mK1yD9qR,13
2b6a7c4f8e12,4
2b6a7c4f8e12,13
2b6a7c4f8e12,16
2b8Xh0vN5J4T,1
2b8Xh0vN5J4T,2
2b8Xh0vN5J4T,13
2bh9A4jH4fYt,4
2bh9A4jH4fYt,8
2Bz5e6RtK8xA,4
2Bz5e6RtK8xA,8
2Bz5e6RtK8xA,13
2c3F8gK5qR6m,4
2c3F8gK5qR6m,8
2c3F8gK5qR6m,13
2c5b7e1f8a6d,1
2c5b7e1f8a6d,2
2DeFgHiJkLmN,10
2DeFgHiJkLmN,11
2dF9KsL1hG6X,4
2dF9KsL1hG6X,13
2Dk8tR4Yp9Fe,7
2Dk8tR4Yp9Fe,10
2e8y1r5h4d7j,1
2e8y1r5h4d7j,3
2eD4mY6sF7zQ,1
2eD4mY6sF7zQ,2
2G6cT8gP4hBh,3
2G6cT8gP4hBh,16
2Gf8Z1kR3h6q,7
2Gf8Z1kR3h6q,10
2H0W6qN3F5dP,10
2H0W6qN3F5dP,14
2h5K9jTz8qM4,4
2h5K9jTz8qM4,5
2h5K9jTz8qM4,13
2iFytkOwpJZs,3
2iFytkOwpJZs,4
2n8GzL1q78xI,4
2n8GzL1q78xI,8
2n8GzL1q78xI,13
2QwErTyUiOp3,10
2QwErTyUiOp3,14
2V5h6D8xC7k0,4
2V5h6D8xC7k0,8
2Xa5F3bR9yAg,4
2Xa5F3bR9yAg,8
2xK3QyN1H5jB,1
2xK3QyN1H5jB,16
30nQty8W7smD,4
30nQty8W7smD,7
30nQty8W7smD,13
30nQty8W7smD,16
344cf10e9191,1
344cf10e9191,13
34bba2991d74,4
34bba2991d74,5
34bba2991d74,13
3a4b5c6d7e8f,7
3a4b5c6d7e8f,10
3Bf8Hj2l9QvX,1
3Bf8Hj2l9QvX,2
3BndPAiEFnjB,3
3BndPAiEFnjB,4
3c5e6f9b1a8d,3
3c5e6f9b1a8d,16
3c7a9b18e6f1,4
3c7a9b18e6f1,13
3c7a9b18e6f1,16
3f2k8d9j6n4p,1
3f2k8d9j6n4p,2
3fZ9cK4L1Qmg,5
3fZ9cK4L1Qmg,12
3gNJnRcrwrUH,7
3gNJnRcrwrUH,10
3gNJnRcrwrUH,12
3gR9hF1zK8sE,1
3gR9hF1zK8sE,2
3H9R82L5B6Pc,7
3H9R82L5B6Pc,10
3HsQxFh2JrE9,4
3HsQxFh2JrE9,13
3HsQxFh2JrE9,16
3hZ2L9wA4k5r,5
3hZ2L9wA4k5r,12
3hZ2L9wA4k5r,13
3Lx69SzdZNOO,3
3Lx69SzdZNOO,4
3Lx69SzdZNOO,13
3n6Y0hFd8rM2,4
3n6Y0hFd8rM2,8
3n6Y0hFd8rM2,13
3P7N9x2B8t1K,14
3P7N9x2B8t1K,17
3QwErTyUiOp4,10
3QwErTyUiOp4,12
3R8gL9cH5wD0,4
3R8gL9cH5wD0,5
3R8gL9cH5wD0,13
3tV6jA4qF2hR,4
3tV6jA4qF2hR,13
3tXk7Ym4W5LR,4
3tXk7Ym4W5LR,8
3tXk7Ym4W5LR,13
3v8z7wq4p1l0,1
3v8z7wq4p1l0,2
3x4h5k2d1j8m,14
3x4h5k2d1j8m,17
3y03bnir7aXi,4
3y03bnir7aXi,13
3z7j4p6mW6kT,1
3z7j4p6mW6kT,2
3zv8olHafTpm,4
3zv8olHafTpm,5
3zv8olHafTpm,13
41d2f3be2e1c,7
41d2f3be2e1c,10
48b59f418e8e,13
48b59f418e8e,16
48CbF7FEqyji,4
48CbF7FEqyji,13
48CbF7FEqyji,16
4a5b6c7d8e9f,4
4a5b6c7d8e9f,8
4a5b6c7d8e9f,13
4b7W2kNc9x8H,4
4b7W2kNc9x8H,8
4b7W2kNc9x8H,13
4d9a5c2e8f14,1
4d9a5c2e8f14,5
4d9a5c2e8f14,16
4DeFgHiJkLmN,10
4DeFgHiJkLmN,14
4f5Dgk9l3F9b,4
4f5Dgk9l3F9b,8
4f5Dgk9l3F9b,13
4F94z1W6Ru5M,7
4F94z1W6Ru5M,10
4F94z1W6Ru5M,11
4fG7hJkL8mN9,1
4fG7hJkL8mN9,2
4fG7hJkL8mN9,4
4fG7hJkL8mN9,13
4Fj2eQ8tD6pZ,7
4Fj2eQ8tD6pZ,10
4GhJkLmN5pQr,4
4GhJkLmN5pQr,13
4h2s1kBu7XPF,8
4h2s1kBu7XPF,16
4k0wz8r3g1zq,4
4k0wz8r3g1zq,5
4k0wz8r3g1zq,13
4ka8i2tmH4yH,4
4ka8i2tmH4yH,8
4ka8i2tmH4yH,13
4LVpAspid0L5,7
4LVpAspid0L5,10
4LVpAspid0L5,12
4m0U3t4xGv6q,1
4m0U3t4xGv6q,2
4nH5PqL9Jk8S,4
4nH5PqL9Jk8S,13
4rT2sQzE7W1l,1
4rT2sQzE7W1l,2
4rT2sQzE7W1l,3
4T8qY3rB5sH1,4
4T8qY3rB5sH1,13
4T8qY3rB5sH1,16
4W7tE5jDgQ3a,7
4W7tE5jDgQ3a,10
4WycZnN5D9tF,7
4WycZnN5D9tF,10
4y2j5h8r3b9f,3
4y2j5h8r3b9f,16
4z9Rw2u8Jb1K,3
4z9Rw2u8Jb1K,4
4z9Rw2u8Jb1K,13
5a3c9b17a4d2,1
5a3c9b17a4d2,4
5a3c9b17a4d2,13
5a6b7c8d9e0f,4
5a6b7c8d9e0f,13
5A7zHq4oB6R8,4
5A7zHq4oB6R8,13
5B8gC4tK7fP1,1
5B8gC4tK7fP1,2
5B8gC4tK7fP1,12
5DeFgHiJkLmN,3
5DeFgHiJkLmN,4
5DeFgHiJkLmN,13
5f8c6e6b13d0,4
5f8c6e6b13d0,13
5GhJkLmN6pQr,1
5GhJkLmN6pQr,2
5GhJkLmN6pQr,13
5l1c2r8q9k7s,10
5l1c2r8q9k7s,14
5Q9kF2wR1tN8,4
5Q9kF2wR1tN8,13
5Q9kF2wR1tN8,16
5qB1fR3mJ2yA,3
5qB1fR3mJ2yA,13
5x2sYLfFjXdz,7
5x2sYLfFjXdz,14
5xTqL7hD8c1F,7
5xTqL7hD8c1F,10
5y4w1k8f3h9j,4
5y4w1k8f3h9j,13
5Yh9u3ZxE1pK,1
5Yh9u3ZxE1pK,2
5Yh9u3ZxE1pK,13
5z8X3fKv7bL9,1
5z8X3fKv7bL9,2
5z8X3fKv7bL9,12
5zL3h0x8Bd92,4
5zL3h0x8Bd92,8
5zL3h0x8Bd92,13
5zNu1FhKcYQm,7
5zNu1FhKcYQm,10
61dUxxBvsih1,8
61dUxxBvsih1,13
61dUxxBvsih1,15
61dUxxBvsihx,1
61dUxxBvsihx,2
61dUxxBvsihx,13
657lzEToExAD,4
657lzEToExAD,13
657lzEToExAD,16
6a3b5c8d2e21,1
6a3b5c8d2e21,2
6a3b5c8d2e21,16
6a7b8c9d0e1f,1
6a7b8c9d0e1f,2
6a8Q9cH4jL2f,4
6a8Q9cH4jL2f,13
6a8Q9cH4jL2f,16
6bG0nM2Xr5C7,1
6bG0nM2Xr5C7,2
6F1cG9T4Qh3i,10
6F1cG9T4Qh3i,12
6F1cG9T4Qh3i,14
6f3L8yZn2xM1,3
6f3L8yZn2xM1,12
6f3L8yZn2xM1,16
6Fv0Hk3N9yT5,1
6Fv0Hk3N9yT5,2
6Fv0Hk3N9yT5,7
6GhJkLmN7pQr,8
6GhJkLmN7pQr,13
6GhJkLmN7pQr,16
6gHk2Z4D1jVW,1
6gHk2Z4D1jVW,16
6H8BvC04RfHe,12
6H8BvC04RfHe,14
6HwbY4zKqE8v,3
6HwbY4zKqE8v,4
6k3Mw5v9Tg1X,1
6k3Mw5v9Tg1X,16
6m7b1t4h8q9p,5
6m7b1t4h8q9p,13
6OfwKKRaFyAB,4
6OfwKKRaFyAB,13
6OfwKKRaFyAB,16
6QwErTyUiOp7,1
6QwErTyUiOp7,2
7a8b9c0d1e2f,1
7a8b9c0d1e2f,2
7a8b9c0d1e2f,13
7B1k9tA5jR3e,4
7B1k9tA5jR3e,13
7cL8Jq3Y1H9b,5
7DeFgHiJkLmN,1
7DeFgHiJkLmN,2
7dL4gN8jC0qZ,1
7dL4gN8jC0qZ,2
7dL4gN8jC0qZ,16
7e4a5b3c9d8b,5
7e4a5b3c9d8b,13
7e5b8f1c3a24,3
7e5b8f1c3a24,4
7e5b8f1c3a24,16
7f4c8a25c83e,4
7f4c8a25c83e,8
7f4c8a25c83e,13
7fD5s2qG8hLs,7
7fD5s2qG8hLs,10
7gR3e1M2tK8Y,5
7gR3e1M2tK8Y,13
7h9M4qPt5yJ0,12
7h9M4qPt5yJ0,14
7hN2pB6K0q1T,1
7hN2pB6K0q1T,2
7hN2pB6K0q1T,7
7j2g6k9f1hj8,1
7j2g6k9f1hj8,2
7j2g6k9f1hj8,13
7m1e9j8d5q2t,3
7m1e9j8d5q2t,15
7m1e9j8d5q2t,16
7q3m2x5a9b8C,7
7q3m2x5a9b8C,10
7Uev4F8k3W9R,4
7Uev4F8k3W9R,13
7vF2R9mHx4B1,1
7vF2R9mHx4B1,13
7x48c9d8efq4,4
7x48c9d8efq4,8
7x48c9d8efq4,13
8a9b0c1d2e3f,4
8a9b0c1d2e3f,5
8b2f5f58e240,10
8b2f5f58e240,14
8b2f5f58e24F,5
8b2f5f58e24F,12
8b2f5f58e24F,16
8b6s6T9y9qP3,4
8b6s6T9y9qP3,8
8b6s6T9y9qP3,13
8c4e7f9a3b21,1
8c4e7f9a3b21,2
8c4e7f9a3b21,16
8f7d45c2f1a1,1
8f7d45c2f1a1,2
8f7d45c2f1a1,16
8fF4kqR1h9dJ,1
8fF4kqR1h9dJ,2
8fF4kqR1h9dJ,13
8fG7tX9aQK3x,4
8fG7tX9aQK3x,8
8fG7tX9aQK3x,13
8GhJkLmN9pQr,1
8GhJkLmN9pQr,2
8GhJkLmN9pQr,13
8hJ2L6dQ4F1x,1
8hJ2L6dQ4F1x,16
8jK3uT6vN4qF,7
8jK3uT6vN4qF,10
8Kf5bQ1xHjXz,7
8Kf5bQ1xHjXz,10
8kN6qR2j9V8L,12
8kN6qR2j9V8L,14
8kN6qR2j9V8L,17
8m2TkdB7ednc,1
8m2TkdB7ednc,2
8m2TkdB7ednc,13
8mD5kY1gS3zF,4
8mD5kY1gS3zF,13
8N1ls7SbDb6H,4
8N1ls7SbDb6H,8
8N1ls7SbDb6H,13
8nD4T9gL5jK3,3
8nD4T9gL5jK3,13
8nD4T9gL5jK3,16
8QwErTyUiOp9,2
8QwErTyUiOp9,13
8rG5F2kW1bXy,1
8rG5F2kW1bXy,2
8rG5F2kW1bXy,13
8s3Jq6A7Y0wj,4
8s3Jq6A7Y0wj,8
8s3Jq6A7Y0wj,16
8sN3gW2Q5K7H,5
8sN3gW2Q5K7H,13
8uX4wXh0zL6r,4
8uX4wXh0zL6r,8
8v1D4nQe6mX2,1
8v1D4nQe6mX2,2
8x5Ew1z3cN2T,4
8x5Ew1z3cN2T,8
8xK6Y4zB0gMs,4
8xK6Y4zB0gMs,13
8xL9dP3WgVkJ,4
8xL9dP3WgVkJ,13
8y1q3m6w4f0A,4
8y1q3m6w4f0A,13
8yW5dA2t6r9e,4
8yW5dA2t6r9e,8
8Zy1hN0sF4wJ,4
8Zy1hN0sF4wJ,13
93b0a412d840,4
93b0a412d840,5
93b0a412d840,13
9a0b1c2d3e4f,3
9a0b1c2d3e4f,4
9a0b1c2d3e4f,16
9b2e7f5d4a10,7
9b2e7f5d4a10,10
9b2e7f5d4a10,14
9c3949c77b2e,3
9c3949c77b2e,16
9CBLiVwd8WAK,4
9CBLiVwd8WAK,13
9d4eA2h9g1fL,8
9d4eA2h9g1fL,13
9d4eA2h9g1fL,16
9d5c1ea9a0d5,8
9d5c1ea9a0d5,13
9d6Tq2R5yP4v,1
9d6Tq2R5yP4v,2
9D8b7gWf5xQ3,4
9D8b7gWf5xQ3,13
9E4fM6jQbR7n,1
9E4fM6jQbR7n,2
9eJd5B8n3Wf6,3
9eJd5B8n3Wf6,4
9eJd5B8n3Wf6,16
9fJt6kX3nH8M,1
9fJt6kX3nH8M,13
9fJt6kX3nH8M,16
9g6Wk8y2rB1D,1
9g6Wk8y2rB1D,2
9gH1R8aT3kJd,5
9gH1R8aT3kJd,16
9GhJkLmN0pQr,3
9GhJkLmN0pQr,8
9GhJkLmN0pQr,16
9k2v8s3a1d7x,4
9k2v8s3a1d7x,13
9k2v8s3a1d7x,16
9k7J1dBh3mA5,7
9k7J1dBh3mA5,10
9M12sHx4s1nZ,7
9M12sHx4s1nZ,10
9n2G5kF6dJ0a,10
9n2G5kF6dJ0a,14
9qT6Hk4Y3F2A,3
9qT6Hk4Y3F2A,16
9QwErTyUiOp0,7
9QwErTyUiOp0,16
9UizZw491wye,5
9UizZw491wye,13
9wW3P5fH6k0X,4
9wW3P5fH6k0X,13
9yTNVhIFVpgZ,7
9yTNVhIFVpgZ,12
9yTNVhIFVpgZ,14
9Zk3lH8f6sWx,4
9Zk3lH8f6sWx,13
A1B2C3add3F6,4
A1B2C3add3F6,8
A1B2C3add3F6,13
A1DGnRfeQssC,4
A1DGnRfeQssC,8
A1DGnRfeQssC,13
a1e4c6f3b2d7,1
a1e4c6f3b2d7,2
a1Kr6v8bmxjG,3
a1Kr6v8bmxjG,8
a1Kr6v8bmxjG,13
a1P3yKzB6F9q,7
a1P3yKzB6F9q,10
a1P3yKzB6F9q,14
A1pR9Bc7Xn3v,1
A1pR9Bc7Xn3v,2
A1pR9Bc7Xn3v,16
A1Q8tY2jK3mW,1
A1Q8tY2jK3mW,5
A2gH8pF1dJ5q,1
A2gH8pF1dJ5q,6
A2gH8pF1dJ5q,16
a2Jx4r8Nw7K9,12
a2Jx4r8Nw7K9,14
a2KfU5bR8WqZ,1
a2KfU5bR8WqZ,13
a2r9j6k8m5e3,7
a2r9j6k8m5e3,10
a5d6e7c2f8b1,7
a5d6e7c2f8b1,10
a5d6e7c2f8b1,11
A5fW8dZt1R0j,1
A5fW8dZt1R0j,2
A5fW8dZt1R0j,3
A5z2t4x3Ew1b,1
A5z2t4x3Ew1b,2
A6bWxG3tF7rQ,10
A6bWxG3tF7rQ,14
A6mW9B8k5J1p,10
A6mW9B8k5J1p,14
a7n3k1h5R4dV,3
a7n3k1h5R4dV,4
a7R8qD2cH6P4,7
a7R8qD2cH6P4,10
A7s2Y8gX4e1k,4
A7s2Y8gX4e1k,13
A7s2Y8gX4e1k,16
A8dW1k6F5q7P,10
A8dW1k6F5q7P,14
A8p7L1fX4k9R,1
A8p7L1fX4k9R,2
a9d3lq7x1n5w,1
a9d3lq7x1n5w,2
a9F0z2B3aQ5e,4
a9F0z2B3aQ5e,13
A9mH5gK6Z1J3,1
A9mH5gK6Z1J3,2
aAW1b2c3d456,8
aAW1b2c3d456,13
aBcDeFgHiJkL,7
aBcDeFgHiJkL,10
aBcDeFgHiJkL,14
aC3g7Nq6Rj9F,3
aC3g7Nq6Rj9F,8
aC3g7Nq6Rj9F,16
acmqLmvOHYUa,4
acmqLmvOHYUa,8
acmqLmvOHYUa,13
adbe9f993b6f,3
adbe9f993b6f,16
afcIMuetDuzj,3
afcIMuetDuzj,4
afcIMuetDuzj,16
aG9b7V2kQ4d5,3
aG9b7V2kQ4d5,8
aG9b7V2kQ4d5,16
AlTPQUGXCzqZ,8
AlTPQUGXCzqZ,12
AlTPQUGXCzqZ,13
AoYF7RAqDP8K,10
AoYF7RAqDP8K,14
aSAFD3d4e5f6,7
aSAFD3d4e5f6,10
aSAFD3d4e5f6,11
ASDxa245a3c5,2
ASDxa245a3c5,5
ASDxa245a3c5,13
asyWueFxWVE7,8
asyWueFxWVE7,13
axadssa7b9d0,1
axadssa7b9d0,2
axadssa7b9d0,13
b1D9eH5z7YgW,10
b1D9eH5z7YgW,14
b1oKc9m7y6Lg,1
b1oKc9m7y6Lg,13
B2gNfD9rM4p1,2
B2gNfD9rM4p1,3
B2gNfD9rM4p1,16
B2K4nG8D5Yh7,2
B2K4nG8D5Yh7,3
b2k5d8j0m3h6,1
b2k5d8j0m3h6,2
b2k5d8j0m3h6,13
b2X9hL5rJ4k8,10
b2X9hL5rJ4k8,14
b3K8jF1nC6y2,3
b3K8jF1nC6y2,16
B4fyfXOvPywN,10
B4fyfXOvPywN,14
B4gW2Np6Mv9t,1
B4gW2Np6Mv9t,2
B4gW2Np6Mv9t,16
b4K0d9Wz7RnL,1
b4K0d9Wz7RnL,16
B4t6N2g1J8sH,3
B4t6N2g1J8sH,4
B4t6N2g1J8sH,13
b4Z8y3JpX5k7,1
b4Z8y3JpX5k7,2
b4Z8y3JpX5k7,13
b5fnt96k3zq4,3
b5fnt96k3zq4,4
b5fnt96k3zq4,13
B5gQ9E1xF2Zk,1
B5gQ9E1xF2Zk,2
B5gQ9E1xF2Zk,16
b5J1cK4hN9pX,10
b5J1cK4hN9pX,12
b5J1cK4hN9pX,14
b5MkT8j1FrG2,1
b5MkT8j1FrG2,2
B6aLrRLXN5yF,1
B6aLrRLXN5yF,4
B6aLrRLXN5yF,13
b6c7d8e9f0g1,5
b6c7d8e9f0g1,12
b6c7d8e9f0g1,13
b6f1e3c4d2b9,1
b6f1e3c4d2b9,2
b7F9j2X1t5Q0,3
b7F9j2X1t5Q0,16
B7jQ3hF5eW8o,7
B7jQ3hF5eW8o,14
b8a9f7d4c1e5,4
b8a9f7d4c1e5,13
b8f7g1k3a2zq,4
b8f7g1k3a2zq,8
b8f7g1k3a2zq,13
B8lW2tYnQ4Hs,7
B8lW2tYnQ4Hs,10
B8R4nC6kY9Jt,3
B8R4nC6kY9Jt,12
B8R4nC6kY9Jt,16
b8T9jM2xW5C0,5
b8T9jM2xW5C0,13
b8W3gYp6NfH1,7
b8W3gYp6NfH1,10
b8W3gYp6NfH1,11
b9GkTz2wFd0j,4
b9GkTz2wFd0j,8
b9GkTz2wFd0j,13
B9n4k1z7Qh3j,10
B9n4k1z7Qh3j,12
B9n4k1z7Qh3j,14
bC9vL4gN2JhX,5
bC9vL4gN2JhX,12
bC9vL4gN2JhX,13
bD5tK7nYzR4p,4
bD5tK7nYzR4p,8
bF7k1Dq9vA3J,4
bF7k1Dq9vA3J,13
bF7k1Dq9vA3J,16
bfJUBkCwyHBc,4
bfJUBkCwyHBc,13
bfJUBkCwyHBc,16
bg2UpuGqbRox,1
bg2UpuGqbRox,13
bOaJ7B4FABUx,4
bOaJ7B4FABUx,8
bOaJ7B4FABUx,13
BQ4k7mJ4cHq9,4
BQ4k7mJ4cHq9,8
bT7eH1vN3rL8,5
bT7eH1vN3rL8,13
btgcQqogJUEf,5
btgcQqogJUEf,13
bU4W2hM7x9D5,5
bU4W2hM7x9D5,13
bY5v2QF7k9N1,1
bY5v2QF7k9N1,4
bY5v2QF7k9N1,13
bZ7mJt3W9YqC,4
bZ7mJt3W9YqC,13
bZ7mJt3W9YqH,7
bZ7mJt3W9YqH,10
c1e4q8u2j4h6,8
c1e4q8u2j4h6,13
c2LxH9d7KmB1,3
c2LxH9d7KmB1,4
c2LxH9d7KmB1,16
C3pT9kR1nB6s,1
C3pT9kR1nB6s,2
c4A8g6H1K2Y3,4
c4A8g6H1K2Y3,5
c4A8g6H1K2Y3,13
C4hD3jZ8rK6e,1
C4hD3jZ8rK6e,2
C5jN8XzKq2W9,3
C5jN8XzKq2W9,4
c5Z1hT4sD8j3,5
c5Z1hT4sD8j3,13
c6b9f8e4a4d2,1
c6b9f8e4a4d2,2
c6Y0gH3rF8kT,14
c6Y0gH3rF8kT,17
c7d2b57e04a1,1
c7d2b57e04a1,13
C7D8E9F0G1H2,14
C7D8E9F0G1H2,17
c7Y1kG4nA6F0,1
c7Y1kG4nA6F0,4
c7Y1kG4nA6F0,13
c8b6a5d3f4e2,2
c8b6a5d3f4e2,3
C8mR5dPj3Q0n,1
C8mR5dPj3Q0n,2
cA1D8h9sFq7k,1
cA1D8h9sFq7k,8
cA1D8h9sFq7k,13
cD6gYtH4kL2m,1
cD6gYtH4kL2m,2
cDFCKCZiTNJ6,3
cDFCKCZiTNJ6,13
cH5gB9nP2x1f,1
cH5gB9nP2x1f,2
cKIlzDU9wMqQ,1
cKIlzDU9wMqQ,2
cR9G6f2a3W4d,1
cR9G6f2a3W4d,2
cR9G6f2a3W4d,13
CsoBYGFHv2sf,3
CsoBYGFHv2sf,8
CsoBYGFHv2sf,13
cY4eG7Kk1qC0,4
cY4eG7Kk1qC0,8
cY4eG7Kk1qC0,13
cY4qJ7vM1r9T,3
cY4qJ7vM1r9T,16
d1F5pK8yT3gR,3
d1F5pK8yT3gR,16
d1HjL6k4TwZ9,4
d1HjL6k4TwZ9,13
d1HjL6k4TwZ9,16
d2Jx7q5Lr9Y1,1
d2Jx7q5Lr9Y1,16
D2tG4jX7qF3p,5
D2tG4jX7qF3p,12
D2tG4jX7qF3p,16
D3crnplVcGi6,5
D3crnplVcGi6,12
D3crnplVcGi6,13
D3F8h4Pj9YgR,4
D3F8h4Pj9YgR,5
D3F8h4Pj9YgR,7
D3F8h4Pj9YgR,13
D3pQ5mL6tN4s,4
D3pQ5mL6tN4s,8
D3pQ5mL6tN4s,13
d5F7k1zY6f8M,4
d5F7k1zY6f8M,8
d5F7k1zY6f8M,13
D6c2Pj1Z3R4V,3
D6c2Pj1Z3R4V,16
D7g8k1nR2zC4,4
D7g8k1nR2zC4,8
D7g8k1nR2zC4,13
d7l5n3f8j0h4,1
d7l5n3f8j0h4,5
d7NqH4c1Zg9t,10
d7NqH4c1Zg9t,12
d7NqH4c1Zg9t,14
d7V3nZ5jHpQ4,1
d7V3nZ5jHpQ4,2
D8hM3sRq4T6E,7
D8hM3sRq4T6E,10
D8qY5n2XmZ1b,1
D8qY5n2XmZ1b,16
d9a5d3e839e1,8
d9a5d3e839e1,13
d9c3b5e1a4f8,4
d9c3b5e1a4f8,13
d9JfB3pW8rL7,7
d9JfB3pW8rL7,10
D9jH6tR3nF2v,4
D9jH6tR3nF2v,13
D9jH6tR3nF2v,16
dF2yL9sR3gB7,9
dF2yL9sR3gB7,10
dF2yL9sR3gB7,12
dF2yL9sR3gB7,14
dJ4fLnQ2ZcR3,1
dJ4fLnQ2ZcR3,4
dJ4fLnQ2ZcR3,16
dJ9l1Hr3Qk5e,1
dJ9l1Hr3Qk5e,2
dJ9l1Hr3Qk5e,13
dK5gF8qL6rZ1,5
dK5gF8qL6rZ1,13
dL1v2Wk3Fp6Z,5
dL1v2Wk3Fp6Z,7
dL1v2Wk3Fp6Z,13
DQJvnxAneVS8,3
DQJvnxAneVS8,13
DQJvnxAneVS8,16
DQWRJrdl6QBX,1
DQWRJrdl6QBX,2
DQWRJrdl6QBX,13
dS5k3uL1Fq2j,1
dS5k3uL1Fq2j,2
dV6m8Jy2Zq1b,4
dV6m8Jy2Zq1b,13
dV6m8Jy2Zq1b,16
dV7s1Y0G4Bqe,3
dV7s1Y0G4Bqe,13
dV7s1Y0G4Bqe,16
dW6kB2xG5j4H,4
dW6kB2xG5j4H,13
dY5nHb0T7ZwJ,2
dY5nHb0T7ZwJ,4
dY5nHb0T7ZwJ,13
dZ8n4W9x1q2r,1
dZ8n4W9x1q2r,2
DzmWN5q0K8fa,4
DzmWN5q0K8fa,5
DzmWN5q0K8fa,13
e0d7e99c27c0,8
e0d7e99c27c0,13
E1F2G3H4I5J6,1
E1F2G3H4I5J6,2
E2fp1HLZTWst,4
E2fp1HLZTWst,13
e3F1g5cU9Hk4,1
e3F1g5cU9Hk4,2
e3F1g5cU9Hk4,16
e4T2nGq5yB1p,3
e4T2nGq5yB1p,16
e54d9e9539d8,4
e54d9e9539d8,13
e5B8s1Zg2JkF,1
e5B8s1Zg2JkF,2
e5LrT1hG8WyK,3
e5LrT1hG8WyK,7
e5V7jP3nK8S2,1
e5V7jP3nK8S2,2
e5V7jP3nK8S2,13
e5W0zJ8nA2xF,1
e5W0zJ8nA2xF,2
E7bK2nL3w5Vj,4
E7bK2nL3w5Vj,16
e7F4gJ8m3Z9K,4
e7F4gJ8m3Z9K,8
e7F4gJ8m3Z9K,13
E7fV8uGq4yFw,1
E7fV8uGq4yFw,2
e7j4n2c9l1a5,3
e7j4n2c9l1a5,4
e7j4n2c9l1a5,13
e8A1vK4fT9rZ,4
e8A1vK4fT9rZ,13
e8f2d4c1b7a3,1
e8f2d4c1b7a3,2
e9P2rC7f4X3t,1
e9P2rC7f4X3t,13
e9PE3fu1yHEJ,4
e9PE3fu1yHEJ,13
ev2Zf3k8Zy1m,4
ev2Zf3k8Zy1m,13
f0r7m3x2g6y1,5
f0r7m3x2g6y1,12
F0X3rQ4zL7Nt,1
F0X3rQ4zL7Nt,2
F0X3rQ4zL7Nt,16
f1K9pX7cL3s6,5
f1K9pX7cL3s6,12
F1x2zRr7K8sa,3
F1x2zRr7K8sa,4
F1x2zRr7K8sa,13
F2b9d5D6bE13,8
F2b9d5D6bE13,12
F2b9d5D6bE13,13
f2e4b9d5a73b,1
f2e4b9d5a73b,2
F3a6K9wR7yX4,14
F3a6K9wR7yX4,17
F3aR1xU2tB6v,1
F3aR1xU2tB6v,2
F3b8Kq0L2XnM,4
F3b8Kq0L2XnM,8
F3b8Kq0L2XnM,13
F3j8r0v1Wg7k,1
F3j8r0v1Wg7k,16
F3kA2hQ6tB8p,5
F3kA2hQ6tB8p,13
F3xP6mQr1D5Z,1
F3xP6mQr1D5Z,13
f4e50c31c2c2,4
f4e50c31c2c2,13
f4N1rQ3mD5w7,4
f4N1rQ3mD5w7,13
f5a6c2e3d7b8,10
f5a6c2e3d7b8,14
f5a7b6e8c2f3,5
f5a7b6e8c2f3,13
F5cK3B2n7tRh,3
F5cK3B2n7tRh,4
F5zK1sGv2L6s,8
F5zK1sGv2L6s,13
f68b5e7f1c4a,1
f68b5e7f1c4a,2
f6c84c16be63,10
f6c84c16be63,14
F6dR9lQsY3Tu,1
F6dR9lQsY3Tu,2
F6gJhTq9ZkL8,4
F6gJhTq9ZkL8,13
F6gJhTq9ZkL8,16
f6KqT2h1NpJ8,4
f6KqT2h1NpJ8,7
f6KqT2h1NpJ8,13
f6s4t2e9L1bP,1
f6s4t2e9L1bP,2
f6s4t2e9L1bP,16
F7gK3p8R6v2h,1
F7gK3p8R6v2h,2
F7gK3p8R6v2h,13
f8j1d6l3m5k2,2
f8j1d6l3m5k2,5
f8j1d6l3m5k2,13
F8nQ2T7d5R4c,4
F8nQ2T7d5R4c,5
F8nQ2T7d5R4c,13
f8R2k3Bd6LmY,4
f8R2k3Bd6LmY,8
f8R2k3Bd6LmY,13
F8zV4xD3JkL1,7
F8zV4xD3JkL1,10
F8zV4xD3JkL1,12
F9d2G1V8c7M4,14
F9d2G1V8c7M4,17
F9mG3k8QwZ6v,1
F9mG3k8QwZ6v,2
F9xH8vM5kB2t,1
F9xH8vM5kB2t,4
fD7tYwV4u1j2,1
fD7tYwV4u1j2,2
fJ9qKx2Lp3tV,4
fJ9qKx2Lp3tV,8
fJ9qKx2Lp3tV,13
FMYA4IWDUU7M,4
FMYA4IWDUU7M,8
FMYA4IWDUU7M,13
FOXixF0ZvpOW,8
fR1hJ3qT5m6K,4
fR1hJ3qT5m6K,13
fR6N1xQ5k8S4,3
fR6N1xQ5k8S4,16
Fw6kYs3LrQDd,4
Fw6kYs3LrQDd,13
Fw6kYs3LrQDd,16
fY4xW1bT8nQ7,1
fY4xW1bT8nQ7,16
g0qfdh1r5nkz,7
g0qfdh1r5nkz,10
G1vM9u8Wf4xR,1
G1vM9u8Wf4xR,2
g2N4s6kR9tY8,1
g2N4s6kR9tY8,2
g2N4s6kR9tY8,13
G3aY8cR4wH7N,3
G3aY8cR4wH7N,4
g3BqV9h7MkP5,4
g3BqV9h7MkP5,13
G3kM2nJ5f8LQ,10
G3kM2nJ5f8LQ,14
G4jB5tWn8R9H,4
G4jB5tWn8R9H,13
g4LzM8q2D1vH,1
g4LzM8q2D1vH,2
g5R8T1f1E2gq,8
g5R8T1f1E2gq,12
g5R8T1f1E2gq,13
G6aH2kJ9qD7e,4
G6aH2kJ9qD7e,13
G7b0H5kqA2E4,4
G7b0H5kqA2E4,8
G7b0H5kqA2E4,12
G7H8I1232FL2,1
G7H8I1232FL2,2
G7kHqX1V5tZ2,5
G7kHqX1V5tZ2,13
g8fVp5H9qE3K,1
g8fVp5H9qE3K,2
g8h6k1t5x9j2,1
g8h6k1t5x9j2,2
g9t1m7h4z3s5,1
g9t1m7h4z3s5,2
g9t1m7h4z3s5,13
GcX4e5Fq9B3h,7
GcX4e5Fq9B3h,10
Gf5tK2y3vN6Q,1
Gf5tK2y3vN6Q,2
Gf5tK2y3vN6Q,13
GfZ3mKn9Jg6s,4
GfZ3mKn9Jg6s,8
GfZ3mKn9Jg6s,13
gHd9wJk4N3bB,1
gHd9wJk4N3bB,2
gHd9wJk4N3bB,13
gHo5ArO3RJyO,1
gHo5ArO3RJyO,2
gHo5ArO3RJyO,6
gjmRsXc6nJJg,4
gjmRsXc6nJJg,5
gjmRsXc6nJJg,13
GLEEe34jgue2,12
GLEEe34jgue2,14
GlnJTyTaH1wd,4
GlnJTyTaH1wd,8
gN1z8V3yC4hQ,1
gN1z8V3yC4hQ,2
gN4jYq8T1RmD,1
gN4jYq8T1RmD,2
GpBYXMImgcpw,1
GpBYXMImgcpw,2
GQzalRaaauMv,4
GQzalRaaauMv,8
GQzalRaaauMv,13
gR4eX1L2hY9x,4
gR4eX1L2hY9x,8
gR4eX1L2hY9x,13
gsyeONWjFOYW,5
gsyeONWjFOYW,12
gsyeONWjFOYW,13
Gt4J2Kz5Lb6q,4
Gt4J2Kz5Lb6q,8
Gt4J2Kz5Lb6q,13
GzJctoilCU1q,8
GzJctoilCU1q,13
H0xW8a7B3d2T,5
H0xW8a7B3d2T,13
h2bK65jS9f3h,4
h2bK65jS9f3h,8
h2K3jL1v7D5M,7
h2K3jL1v7D5M,10
h2K3jL1v7D5M,14
h2P7mR9jD5tQ,4
h2P7mR9jD5tQ,13
H2v8D9n3K1R6,14
H2v8D9n3K1R6,17
H2v8D9n3K1R8,7
H2v8D9n3K1R8,16
H3bR9pJw1K2h,10
H3bR9pJw1K2h,14
H3c8X9nZsFQd,1
H3c8X9nZsFQd,2
H3c8X9nZsFQd,13
H3g9Q1kT8V5M,7
H3g9Q1kT8V5M,10
h3K5d8l3c2Qz,4
h3K5d8l3c2Qz,8
H3N1yB0pX7Gs,7
H3N1yB0pX7Gs,10
H3N1yB0pX7Gs,12
H3p9L1k6wDqT,10
H3p9L1k6wDqT,12
H3p9L1k6wDqT,14
h3Qk6aP6a1N8,4
h3Qk6aP6a1N8,8
h3T7kJ5f8N2y,1
h3T7kJ5f8N2y,2
h3Y6q9p2Zg7X,4
h3Y6q9p2Zg7X,13
h3Y6q9p2Zg7X,16
H4f7Q2uT4r5f,4
H4f7Q2uT4r5f,8
H4f7Q2uT4r5f,13
h4F9T2vW6eQt,1
h4F9T2vW6eQt,2
H4gD1Y8kL7pQ,10
H4gD1Y8kL7pQ,14
h4gNz3r8Wq5b,7
h4gNz3r8Wq5b,14
H4gS9qK1vZpA,1
H4gS9qK1vZpA,2
H5gX1jK4pY9r,1
H5gX1jK4pY9r,2
H5vT8qK3b1FJ,5
H5vT8qK3b1FJ,13
H6jL3tY8RkP2,4
H6jL3tY8RkP2,8
H6jL3tY8RkP2,13
H6m4P1sJx5Fq,3
H6m4P1sJx5Fq,4
H6n9Y4mA2j5Z,1
H6n9Y4mA2j5Z,2
H6xV4D9m8W1z,1
H6xV4D9m8W1z,13
h7g4Yl2Z6xkT,8
h7g4Yl2Z6xkT,16
H7q3vNj8K2R4,1
H7q3vNj8K2R4,2
H7q3vNj8K2R4,16
H8aB4yR3tJ9d,1
H8aB4yR3tJ9d,2
H8e6Bf5P1W8y,1
H8e6Bf5P1W8y,4
h8eN2dFQp1Zy,7
h8eN2dFQp1Zy,10
H8gU0zqR2SxX,1
H8gU0zqR2SxX,2
H8jS6k2BdL9n,4
H8jS6k2BdL9n,13
H8s9Rk3J6xYa,4
H8s9Rk3J6xYa,13
H8xFqD1vL2rC,1
H8xFqD1vL2rC,6
H9d7m8XcL3kF,4
H9d7m8XcL3kF,13
H9d7m8XcL3kF,16
h9m1x3g6r7q4,10
h9m1x3g6r7q4,14
hA7P4tX8u2S1,4
hA7P4tX8u2S1,8
hA7P4tX8u2S1,13
HdlKUwxRtMQt,5
HdlKUwxRtMQt,13
hG8r6Y3nL8h5,8
hG8r6Y3nL8h5,12
hG8r6Y3nL8h5,13
HG9WCU2vwlUH,3
HG9WCU2vwlUH,4
HG9WCU2vwlUH,13
HG9WCU2vwlUH,16
Hh5r4Kj9Tb8v,3
Hh5r4Kj9Tb8v,15
Hh5r4Kj9Tb8v,16
hJ2b6Kx4Zf1R,5
hJ2b6Kx4Zf1R,13
hJ2b6Kx4Zf1R,16
hJ5kP6nX3zM4,12
hJ5kP6nX3zM4,14
Hj6n1qC7Zx9y,4
Hj6n1qC7Zx9y,13
hN9j4Gf2x1K0,1
hN9j4Gf2x1K0,2
hN9j4Gf2x1K0,13
hR2vW5mAqZ1j,7
hR2vW5mAqZ1j,10
hR3tK5yN9z1W,3
hR3tK5yN9z1W,16
hT3nK0gB9fD2,3
hT3nK0gB9fD2,8
hT3nK0gB9fD2,16
Hti821LNkOMl,4
Hti821LNkOMl,13
Hti821LNkOMl,16
hW4yA2T6fV1N,4
hW4yA2T6fV1N,8
hW4yA2T6fV1N,13
hX3tJd1N6KfV,1
hX3tJd1N6KfV,2
i0wKjF3g6BcE,1
i0wKjF3g6BcE,2
i1dC0q2F45N3,4
i1dC0q2F45N3,8
i1dC0q2F45N3,13
i1j2k3l4m5n6,3
i1j2k3l4m5n6,13
i1j2k3l4m5n6,16
I8n4q7y0Bf6m,5
I8n4q7y0Bf6m,13
IHTz9hhqYXkG,1
IHTz9hhqYXkG,2
IHTz9hhqYXkG,13
iykNDzEdmRtG,4
iykNDzEdmRtG,8
iykNDzEdmRtG,13
j0k1l2m3n4o5,1
j0k1l2m3n4o5,2
j0k1l2m3n4o5,16
J1d4m2FzW6eQ,7
J1d4m2FzW6eQ,10
J1d4m2FzW6eQ,11
J1d4m2FzW6eQ,12
J2h6M8bW1yH3,1
J2h6M8bW1yH3,2
J2mW8D5nV9Bk,1
J2mW8D5nV9Bk,4
J2mW8D5nV9Bk,13
j2WnF7e8Rz6x,1
j2WnF7e8Rz6x,13
j2WnF7e8Rz6x,16
J2x5L4k8bWzR,12
J2x5L4k8bWzR,13
J2x5L4k8bWzR,16
j2XtU4s6fK9m,7
j2XtU4s6fK9m,10
J3f5Q8h1rLkX,7
J3f5Q8h1rLkX,10
J3f5Q8h1rLkX,11
J3kF7mPz3R5D,4
J3kF7mPz3R5D,8
J3kF7mPz3R5D,13
J3p6Kx2Z1c8B,3
J3p6Kx2Z1c8B,4
J3p6Kx2Z1c8B,13
J3x9H1rS6wQ2,4
J3x9H1rS6wQ2,13
J4c5v9s2Qh8k,1
J4c5v9s2Qh8k,2
j5cWqY8R6ZkL,4
j5cWqY8R6ZkL,13
j5Tn9zA7rX4L,1
j5Tn9zA7rX4L,2
J5uP6bXtN2rV,4
J5uP6bXtN2rV,13
j6p2r8v4m1z5,4
j6p2r8v4m1z5,13
J6tB2eY1H5gN,3
J6tB2eY1H5gN,16
J8kH3tRz6CpF,4
J8kH3tRz6CpF,13
J8tV2nH4zQ6f,4
J8tV2nH4zQ6f,13
J8tV2nH4zQ6f,16
j9B2k7C1R4H6,4
j9B2k7C1R4H6,5
j9B2k7C1R4H6,13
j9XpV3oF6S2q,1
j9XpV3oF6S2q,2
jA5xP0q4V7nB,7
jA5xP0q4V7nB,11
jA5xP0q4V7nB,12
jA5xP0q4V7nB,14
jB4r1Gm7Xn8F,7
jB4r1Gm7Xn8F,12
jB4r1Gm7Xn8F,14
Jd3x9L2eC7T8,1
Jd3x9L2eC7T8,2
Jk4l2tR9Qm5y,1
Jk4l2tR9Qm5y,2
JmER0Dv1rcto,4
JmER0Dv1rcto,8
JmER0Dv1rcto,13
JmER0Dv1rcto,16
jN2xK9b0mR5W,1
jN2xK9b0mR5W,2
jN6p2C7tZfY1,4
jN6p2C7tZfY1,13
jN6p2C7tZfY1,16
jQ7t4N1xY6h2,5
jQ7t4N1xY6h2,12
jQ7t4N1xY6h2,13
jR3cX4dJ2z7F,4
jR3cX4dJ2z7F,8
jS8zH2tF3KqN,10
jS8zH2tF3KqN,14
jV6tK2fQ8m3z,1
jV6tK2fQ8m3z,2
jV6tK2fQ8m3z,16
jx2j0Rmv8jX7,4
jx2j0Rmv8jX7,8
jx2j0Rmv8jX7,13
jX4cF3qR9k7v,7
jX4cF3qR9k7v,10
JzJ3KAq5qAW7,1
JzJ3KAq5qAW7,4
JzJ3KAq5qAW7,13
JzJ3KAq5qAW7,16
K1gT7pV2RdW5,3
K1gT7pV2RdW5,8
K1gT7pV2RdW5,16
k1p3j5m0g6s9,7
k1p3j5m0g6s9,10
K1sHnM8cJq3u,1
K1sHnM8cJq3u,2
K1sHnM8cJq3u,16
K1zV6pG5sD9T,1
K1zV6pG5sD9T,2
k2N8H6m5dQrS,3
k2N8H6m5dQrS,8
k2N8H6m5dQrS,16
K3eJ9rB1xL8N,10
K3eJ9rB1xL8N,14
k3Lq7aF5rN1s,1
k3Lq7aF5rN1s,2
k3Lq7aF5rN1s,13
k3P1g7Y2h8Dc,4
k3P1g7Y2h8Dc,8
k3P1g7Y2h8Dc,13
K3pL9xR6qH7v,4
K3pL9xR6qH7v,13
K3pL9xR6qH7v,16
K4fD2j6YhM1n,10
K4fD2j6YhM1n,14
k4T2vB8Wz5eX,1
k4T2vB8Wz5eX,13
K4T3d9B1jY0e,10
K4T3d9B1jY0e,14
K4y8r0fU6M1c,3
K4y8r0fU6M1c,12
K4y8r0fU6M1c,16
k5j9m4w8P6aQ,3
k5j9m4w8P6aQ,4
k5j9m4w8P6aQ,13
K5m4J2h9Y1f0,3
K5m4J2h9Y1f0,8
K5m4J2h9Y1f0,16
K7L8M9N0O1P2,1
K7L8M9N0O1P2,15
K8g5B2aN3hT0,7
K8g5B2aN3hT0,10
k8G7jH1sB2j9,1
k8G7jH1sB2j9,2
K8j2H4v1qDkB,4
K8j2H4v1qDkB,8
K8j2H4v1qDkB,13
k8j2l3p9g7x5,3
k8j2l3p9g7x5,16
K8mG1F3v6L2Q,10
K8mG1F3v6L2Q,12
K8mG1F3v6L2Q,14
K9d3x1b4t7X0,4
K9d3x1b4t7X0,8
K9D7fLxP2B4s,4
K9D7fLxP2B4s,8
K9D7fLxP2B4s,13
k9F4sJ1d8Z2m,3
k9F4sJ1d8Z2m,13
K9mU5dNpW3Fx,5
K9mU5dNpW3Fx,12
k9S2cG4aB5tF,4
k9S2cG4aB5tF,13
k9Z1E3q8mRjT,1
k9Z1E3q8mRjT,2
k9Z1E3q8mRjT,13
kA8w5fE3Xn9h,3
kA8w5fE3Xn9h,16
kD2jP8rL5bF6,4
kD2jP8rL5bF6,7
kD8n6L3jQ2fT,1
kD8n6L3jQ2fT,2
kN5mY4vH8xP2,7
kN5mY4vH8xP2,10
kN5mY4vH8xP2,11
kN5mY4vH8xP2,12
Kp8T7mQ2e4H9,3
Kp8T7mQ2e4H9,13
Kp8T7mQ2e4H9,16
kP8Y3bW2V6q5,10
kP8Y3bW2V6q5,14
kQ1yGpL6xQ7n,1
kQ1yGpL6xQ7n,3
kQ1yGpL6xQ7n,13
kQ4hF7jR8GpY,1
kQ4hF7jR8GpY,2
kQ4hF7jR8GpY,16
KsenyPNXfD1H,10
KsenyPNXfD1H,14
kT7m4Z2gH1n8,1
kT7m4Z2gH1n8,13
kT7m4Z2gH1n8,16
l0fH8jW9b2gC,1
l0fH8jW9b2gC,2
L0s3w1k9Dq8m,3
L0s3w1k9Dq8m,4
L1DiSyngIWAV,1
L1DiSyngIWAV,2
L1DiSyngIWAV,4
L1DiSyngIWAV,13
l1VoT9kP8R7c,1
l1VoT9kP8R7c,16
L2rVkF6nG1pZ,1
L2rVkF6nG1pZ,16
L5kT3eH1zW9j,10
L5kT3eH1zW9j,14
L5t7hQ9k8W4m,4
L5t7hQ9k8W4m,8
L7kN3qBp2R8V,1
L7kN3qBp2R8V,2
L7kN3qBp2R8V,16
L7QYAtVzgt3N,3
L7QYAtVzgt3N,4
L7QYAtVzgt3N,13
l7U2mTKG040R,10
l7U2mTKG040R,12
L8xQnR0kWy5f,4
L8xQnR0kWy5f,5
L8xQnR0kWy5f,13
lCHwySkUEyey,4
lCHwySkUEyey,8
lCHwySkUEyey,13
LGX05tnGr72c,1
LGX05tnGr72c,2
LGX05tnGr72c,13
LGYEynrdXPCd,4
LGYEynrdXPCd,5
LGYEynrdXPCd,13
ln5NiMJq02V7,5
ln5NiMJq02V7,13
lTIT5qHTFFes,12
lTIT5qHTFFes,14
M0pK7R5j3B8n,4
M0pK7R5j3B8n,13
M1eHnYg8QxQ0,7
M1eHnYg8QxQ0,10
m2C9hQ4fV6aX,5
m2C9hQ4fV6aX,13
m2L7D9k8bRjT,4
m2L7D9k8bRjT,8
m2L7D9k8bRjT,13
m2q4w9r8t6xj,1
m2q4w9r8t6xj,2
m2RpQ4uYxI9A,1
m2RpQ4uYxI9A,2
m2S8hK0Xg7Q1,4
m2S8hK0Xg7Q1,13
m3BqJ7nW1Y5u,4
m3BqJ7nW1Y5u,8
m3BqJ7nW1Y5u,13
m3D8hR6cP1K5,3
m3D8hR6cP1K5,16
M3N41232sdR8,7
M3N41232sdR8,10
m5D1z8N0X3A7,1
m5D1z8N0X3A7,2
m5D1z8N0X3A7,13
m5K8bX2rQ9h1,10
m5K8bX2rQ9h1,14
M5nYr4F8aZqL,7
M5nYr4F8aZqL,10
M5nYr4F8aZqL,14
m5Zr4Jk9T3sQ,7
m5Zr4Jk9T3sQ,10
m5Zr4Jk9T3sQ,14
m6H4Y8f2zWkD,4
m6H4Y8f2zWkD,8
m6H4Y8f2zWkD,13
m7n8o9p0q1r2,4
m7n8o9p0q1r2,8
m7n8o9p0q1r2,13
m7Z4B8n3fDwK,5
m7Z4B8n3fDwK,12
m7Z4B8n3fDwK,13
m8HqG5FzVp4N,4
m8HqG5FzVp4N,13
M8jD2h3B7q9r,7
M8jD2h3B7q9r,10
M8jD2h3B7q9r,12
M8jD2h3B7q9r,14
m8T5h7v4Qe1K,3
m8T5h7v4Qe1K,16
MBR6waVBCGaK,4
MBR6waVBCGaK,13
mkn0JPJUFvyO,9
mkn0JPJUFvyO,10
mkn0JPJUFvyO,14
mN3rH5tJ6b4G,4
mN3rH5tJ6b4G,13
mN3rH5tJ6b4G,16
mQ7tF0dH2sP4,4
mQ7tF0dH2sP4,13
mt8lZE7j9F5Z,10
mt8lZE7j9F5Z,14
mY6qW4e1FhL7,1
mY6qW4e1FhL7,8
mY6qW4e1FhL7,13
myBNkDqAtRqk,1
myBNkDqAtRqk,2
myBNkDqAtRqk,4
myBNkDqAtRqk,13
mYriQu9hgQDN,3
mYriQu9hgQDN,13
mYriQu9hgQDN,15
n0A3dH9f5G7k,10
n0A3dH9f5G7k,14
N0g4F2jK3l9P,1
N0g4F2jK3l9P,2
N1pK2j8RdW4x,3
N1pK2j8RdW4x,13
n3M2uZ6xD4sJ,4
n3M2uZ6xD4sJ,13
N4j5Xc1W2q9Z,5
N4j5Xc1W2q9Z,13
N5cG7k0T8mH3,1
N5cG7k0T8mH3,2
N5cG7k0T8mH3,13
N5pB2qKz1T4J,1
N5pB2qKz1T4J,2
N5t9k8QjC2eD,4
N5t9k8QjC2eD,5
N5t9k8QjC2eD,12
n5ZtJ6vM4H1e,4
n5ZtJ6vM4H1e,13
n6h0k8r1d2s4,4
n6h0k8r1d2s4,13
N6kYf3Jv1XsL,10
N6kYf3Jv1XsL,14
n6T2p5S3B8F4,1
n6T2p5S3B8F4,2
n6T2p5S3B8F4,16
n7j5m4s2b8k1,5
n7j5m4s2b8k1,12
n7j5m4s2b8k1,13
N8q3J5dV2Z1t,4
N8q3J5dV2Z1t,15
nB8v3wH4fD2E,4
nB8v3wH4fD2E,8
nB8v3wH4fD2E,13
nC5xR3j1T8h2,4
nC5xR3j1T8h2,8
nC5xR3j1T8h2,13
nF2v7QhjR5X9,4
nF2v7QhjR5X9,13
Nf3gYzQ8JpH8,4
Nf3gYzQ8JpH8,8
Nf3gYzQ8JpH8,13
Nf8Z3vQ0Jg1P,10
Nf8Z3vQ0Jg1P,14
Nk3M7hLpY8T0,7
Nk3M7hLpY8T0,10
Nk3M7hLpY8T0,14
nM3dR8pK5LwV,1
nM3dR8pK5LwV,8
nM3dR8pK5LwV,13
nQ7tR1xY3p9k,3
nQ7tR1xY3p9k,16
nT1vX9GpHzMu,4
nT1vX9GpHzMu,13
nX5tY1K2wQ0J,7
nX5tY1K2wQ0J,10
NXzgFV7yh8ah,4
NXzgFV7yh8ah,8
NXzgFV7yh8ah,13
o4F0sZ1jL9K6,4
o4F0sZ1jL9K6,8
o4F0sZ1jL9K6,13
O7sW8qB2hJ3K,10
O7sW8qB2hJ3K,14
o9gK6Tn1zY4f,1
o9gK6Tn1zY4f,2
oAdD3YQSPdhi,1
oAdD3YQSPdhi,4
oAdD3YQSPdhi,7
oAdD3YQSPdhi,13
OagkR9XuHRvO,1
OagkR9XuHRvO,7
OagkR9XuHRvO,13
OQoaNl9iSJsJ,10
OQoaNl9iSJsJ,12
OQoaNl9iSJsJ,14
oW9rT3FgZvBj,1
oW9rT3FgZvBj,2
P2dA8gJ3rT6h,1
P2dA8gJ3rT6h,2
P2h3k6YfL1mJ,1
P2h3k6YfL1mJ,2
P2h3k6YfL1mJ,4
P2kRs9M5YfQ3,14
P2kRs9M5YfQ3,17
P2rK7jL4vM9a,3
P2rK7jL4vM9a,16
p2ZP0E5N0BYa,4
p2ZP0E5N0BYa,8
p2ZP0E5N0BYa,13
P3hF4gZq0XbD,7
P3hF4gZq0XbD,10
p3RtY9mN2F5v,4
p3RtY9mN2F5v,13
p4D3cB2z1eYq,1
p4D3cB2z1eYq,2
P4fM83vE5H57,4
P4fM83vE5H57,8
p4XkG9eQ3YsF,4
p4XkG9eQ3YsF,13
p5f1n9q8s6z3,1
p5f1n9q8s6z3,2
P6mB2jRk8Q5C,5
P6mB2jRk8Q5C,13
p7b2E3jk2Vft,8
p7b2E3jk2Vft,13
p7b2E3jk2Vft,16
P7f1x5n2Eo8z,3
P7f1x5n2Eo8z,16
p7F3zD8hQ6eK,5
p7F3zD8hQ6eK,13
P7iK4eMcT0oY,4
P7iK4eMcT0oY,5
P7iK4eMcT0oY,13
P8b4W2cD7zSg,1
P8b4W2cD7zSg,7
P8k7jQx1fS5h,5
P8k7jQx1fS5h,13
p8m5s3e1H6zQ,5
p8m5s3e1H6zQ,12
p8m5s3e1H6zQ,13
P9hR3dFj8L2e,1
P9hR3dFj8L2e,2
P9k5H2f1L6b4,1
P9k5H2f1L6b4,2
P9k5H2f1L6b4,13
p9KOtNA16COR,3
p9KOtNA16COR,13
p9RjF5b2KqZ6,5
p9RjF5b2KqZ6,13
PAmlkYOlowLL,3
PAmlkYOlowLL,16
pDYIwtdahwkp,3
pDYIwtdahwkp,12
pDYIwtdahwkp,16
pF0nZ4L8b9T2,4
pF0nZ4L8b9T2,13
pkVkt4ZpQ3mP,10
pkVkt4ZpQ3mP,12
pkVkt4ZpQ3mP,14
pN2sQ5mJ3k8T,1
pN2sQ5mJ3k8T,2
pQ8a6K4vR3s1,1
pQ8a6K4vR3s1,2
PqZ5mF8jCrXs,7
PqZ5mF8jCrXs,10
pZ3wQ6uA7dM9,7
pZ3wQ6uA7dM9,10
pZ3wQ6uA7dM9,14
Q0H4nD9yR1c5,4
Q0H4nD9yR1c5,5
Q0H4nD9yR1c5,13
q0n3bx9c2ht9,1
q0n3bx9c2ht9,2
q0n3bx9c2ht9,13
q1c7jxg94ek8,4
q1c7jxg94ek8,13
Q1eA3b9F4mD2,5
Q1eA3b9F4mD2,12
Q1eA3b9F4mD2,13
Q1h9F2g4A3sX,10
Q1h9F2g4A3sX,14
Q1sY5xW8NjT4,4
Q1sY5xW8NjT4,8
Q1sY5xW8NjT4,13
Q1Vn7w8I4Jk2,4
Q1Vn7w8I4Jk2,13
Q1yG9K2zL5Xr,5
Q1yG9K2zL5Xr,12
Q1yG9K2zL5Xr,13
q2D5eA8jT3vW,1
q2D5eA8jT3vW,2
q2D5eA8jT3vW,16
q2g8f1v9p6xw,7
q2g8f1v9p6xw,10
Q2tGpJ6N5dM4,3
Q2tGpJ6N5dM4,16
Q2zH9nJd6B1A,4
Q2zH9nJd6B1A,13
Q2zH9nJd6B1A,16
q3b6n2g7e1h8,4
q3b6n2g7e1h8,13
Q3d6L2jF5hA4,4
Q3d6L2jF5hA4,16
Q3g8K2tY6W9N,5
Q3g8K2tY6W9N,13
q3m2f9k1p5z6,10
q3m2f9k1p5z6,14
Q3R4S5T6U7V8,4
Q3R4S5T6U7V8,5
q3T9E7j4kLxH,1
q3T9E7j4kLxH,2
q3T9E7j4kLxH,16
q4F7xG3hY2b1,7
q4F7xG3hY2b1,10
q4Fh9jG3L7Tq,10
q4Fh9jG3L7Tq,14
q4P2k9A1Z8fH,7
q4P2k9A1Z8fH,10
q4P2k9A1Z8fH,11
Q4yJ9m8A2bH3,10
Q4yJ9m8A2bH3,14
Q4yJ9m8A2bH3,17
Q4z7w9TjR1mK,1
Q4z7w9TjR1mK,4
Q4z7w9TjR1mK,13
Q5fL2dA9y7K1,4
Q5fL2dA9y7K1,13
Q5vT3yGp2b9Z,5
Q5vT3yGp2b9Z,13
q6R4nX9sZ1J8,4
q6R4nX9sZ1J8,13
Q7dF8j9NtB3m,5
Q7dF8j9NtB3m,12
Q8b6X4hT1m2L,7
Q8b6X4hT1m2L,10
q8DrW5vK4L6m,5
q8DrW5vK4L6m,12
Q8e1aGz4iH4d,1
Q8e1aGz4iH4d,13
Q8rC3gZt5XwR,4
Q8rC3gZt5XwR,8
Q8rC3gZt5XwR,13
Q9g2N5eA3vB8,3
Q9g2N5eA3vB8,8
Q9g2N5eA3vB8,16
Q9vKgH5t6B3e,4
Q9vKgH5t6B3e,8
Q9vKgH5t6B3e,13
q9Yz8mR6b2C1,8
q9Yz8mR6b2C1,13
qA1B8zT5R6H4,5
qA1B8zT5R6H4,13
qA3n6eK8bG5L,7
qA3n6eK8bG5L,10
qA3n6eK8bG5L,12
qG2v8Lm1Zk6n,14
qG2v8Lm1Zk6n,17
qK5mXc9L1H2Y,1
qK5mXc9L1H2Y,2
qK5mXc9L1H2Y,13
qM5gJ8zV7eT3,1
qM5gJ8zV7eT3,2
qM5gJ8zV7eT3,16
qN1lT9pK4wJ3,4
qN1lT9pK4wJ3,13
Qn7vQfBqC2mS,4
Qn7vQfBqC2mS,8
Qn7vQfBqC2mS,13
qW2tP5d8F7h0,12
qW2tP5d8F7h0,14
Qw6eFh2R5KzP,4
Qw6eFh2R5KzP,13
Qw6eFh2R5KzP,16
qX2yV5PtDsNk,2
qX2yV5PtDsNk,3
qY1W9dX3z8L4,4
qY1W9dX3z8L4,8
qY1W9dX3z8L4,13
R0dM3xW6kVqY,7
R0dM3xW6kVqY,12
R0tW5P3lJ2Mt,10
R0tW5P3lJ2Mt,12
R0tW5P3lJ2Mt,14
R1eF6qV9nT4X,4
R1eF6qV9nT4X,13
R1g4M9h8D2Q6,3
R1g4M9h8D2Q6,16
r1g7n2j8F9dR,4
r1g7n2j8F9dR,8
r1g7n2j8F9dR,13
R2sP6V4k1Z8h,1
R2sP6V4k1Z8h,2
R2yT5zK4hY9p,7
R2yT5zK4hY9p,10
R2yT5zK4hY9p,11
R3bQ8fJw1T2h,3
R3bQ8fJw1T2h,16
R3fT4k8Y2qB1,3
R3fT4k8Y2qB1,13
R3fT4k8Y2qB1,16
R3g6D9gG2q9d,4
R3g6D9gG2q9d,13
r3j1y9a2u6m4,1
r3j1y9a2u6m4,2
r3j1y9a2u6m4,10
r3N5q8Kx6B3z,1
r3N5q8Kx6B3z,2
r3N5q8Kx6B3z,13
R4f0J8hB2w5C,3
R4f0J8hB2w5C,4
R4f0J8hB2w5C,5
R4nlx0cfdfT5,1
R4nlx0cfdfT5,2
R4nlx0cfdfT5,7
R5d8uL7G9WmN,4
R5d8uL7G9WmN,13
r5G2jS3e7X8q,5
r5G2jS3e7X8q,13
R5nKhJ7Y2zF4,1
R5nKhJ7Y2zF4,2
R5nKhJ7Y2zF4,16
R6N1dG8H7k9Y,3
R6N1dG8H7k9Y,4
R6q9G1nT5p8x,4
R6q9G1nT5p8x,13
r7s8t9u0v1w2,10
r7s8t9u0v1w2,12
r7s8t9u0v1w2,14
r7s8t9u0v1w3,4
r7s8t9u0v1w3,8
r7s8t9u0v1w3,13
R8cHkQz3Jb2t,7
R8cHkQz3Jb2t,10
R8cHkQz3Jb2t,12
R8F7k2M3xQ5z,1
R8F7k2M3xQ5z,12
R9cDq6e1T3v4,1
R9cDq6e1T3v4,2
R9cDq6e1T3v4,13
R9jK4pY1T8dB,1
R9jK4pY1T8dB,2
R9jK4pY1T8dB,16
rdg1XJtL9U5a,4
rdg1XJtL9U5a,8
rdg1XJtL9U5a,13
rE4wC2MxLvNg,5
rE4wC2MxLvNg,13
RfH9z3Qb1Yk6,4
RfH9z3Qb1Yk6,13
rfSM2py62Moi,3
rfSM2py62Moi,4
rfSM2py62Moi,16
Rg5D2wN7V4y3,4
Rg5D2wN7V4y3,5
rIxdSwgVOONb,1
rIxdSwgVOONb,13
rJ4fM8dT5z2e,14
rJ4fM8dT5z2e,17
Rr4j2L6dM7aB,1
Rr4j2L6dM7aB,16
RUbxOfSIoT7i,4
RUbxOfSIoT7i,8
rV7jQ5NmBzAk,1
rV7jQ5NmBzAk,2
rV7tN3s0kX5Q,1
rV7tN3s0kX5Q,16
S1m3j6UqN8xR,9
S1m3j6UqN8xR,10
S1m3j6UqN8xR,12
S1m3j6UqN8xR,14
S1x5Q2jNv7kP,4
S1x5Q2jNv7kP,16
s2J7h9qB0CwV,2
s2J7h9qB0CwV,12
s2J7h9qB0CwV,13
s2K6x1Qv0ZgE,1
s2K6x1Qv0ZgE,2
S3f0kA1h9G2b,8
S3f0kA1h9G2b,12
S3f0kA1h9G2b,13
s7K1b4M2J5H9,3
s7K1b4M2J5H9,13
s7K1b4M2J5H9,16
s8JrW4e2XyK0,1
s8JrW4e2XyK0,2
s8LxW4pRj0Vo,7
s8LxW4pRj0Vo,10
S9T0U1V2W3X4,4
S9T0U1V2W3X4,13
S9xH5rBz2K8Q,3
S9xH5rBz2K8Q,16
Saxx0mp1qFWZ,4
Saxx0mp1qFWZ,8
Saxx0mp1qFWZ,16
sH8gLp4E0MxR,2
sH8gLp4E0MxR,5
sH8gLp4E0MxR,16
SivD0btT6Es6,12
SivD0btT6Es6,16
SktirRhI9cn0,10
SktirRhI9cn0,14
sP3gT9nF2r8d,1
sP3gT9nF2r8d,13
Sq3GKjFUFpy4,4
Sq3GKjFUFpy4,13
sQ4r8C3tF7e2,1
sQ4r8C3tF7e2,2
sQ4r8C3tF7e2,13
sQ7z4Px5Jg9y,3
sQ7z4Px5Jg9y,4
sQ7z4Px5Jg9y,16
sT3b9hQ1Rm8p,4
sT3b9hQ1Rm8p,8
StUvWxYz0AbC,4
StUvWxYz0AbC,5
StUvWxYz0AbC,13
StUvWxYz1AbC,10
StUvWxYz1AbC,14
StUvWxYz3AbC,4
StUvWxYz3AbC,8
StUvWxYz4AbC,4
StUvWxYz4AbC,8
StUvWxYz4AbC,13
StUvWxYz6AbC,3
StUvWxYz6AbC,4
StUvWxYz7AbC,4
StUvWxYz7AbC,8
StUvWxYz7AbC,13
swxdaa5b6c7d,4
swxdaa5b6c7d,8
swxdaa5b6c7d,13
sX2zG4bJ8qT6,5
sX2zG4bJ8qT6,12
sX2zG4bJ8qT6,13
sY3fK8B2wX4L,2
sY3fK8B2wX4L,6
t0A9fDkLxM3j,4
t0A9fDkLxM3j,8
t0A9fDkLxM3j,13
t1BmY9zKcL4x,3
t1BmY9zKcL4x,4
t1BmY9zKcL4x,13
T1Y4jDq2h9uS,7
T1Y4jDq2h9uS,10
t2F8cH9kQ8h5,1
t2F8cH9kQ8h5,2
T3b1M9hG5k2R,3
T3b1M9hG5k2R,16
t3Hd8cZo39zU,4
t3Hd8cZo39zU,8
t3Hd8cZo39zU,13
T3M5dY1F6h8Q,10
T3M5dY1F6h8Q,14
T3m9X7aQw0Lf,1
T3m9X7aQw0Lf,2
T3xH9J2m5qK7,4
T3xH9J2m5qK7,7
t4F3jW1YfJ6g,1
t4F3jW1YfJ6g,2
T4xZyQ1D8WjE,3
T4xZyQ1D8WjE,16
T6yR3u8V9E1J,4
T6yR3u8V9E1J,13
T7q4m0j8Ld1k,7
T7q4m0j8Ld1k,10
T7q4m0j8Ld1k,12
t7XqC1j6DpH0,14
t7XqC1j6DpH0,17
t8f1Z3k9D0zC,8
t8f1Z3k9D0zC,13
T8hN3sQ1vG5j,3
T8hN3sQ1vG5j,4
t8zgj7hs1qb4,1
t8zgj7hs1qb4,2
t8zgj7hs1qb4,13
t9H1xS8cD4A5,10
t9H1xS8cD4A5,14
t9z1x5q7f2b8,4
t9z1x5q7f2b8,13
tD4sY6W3eB1F,3
tD4sY6W3eB1F,16
tDGETsdffew8,3
tDGETsdffew8,4
tDGETsdffew8,13
tF1K0d8H5W4m,4
tF1K0d8H5W4m,8
tF1K0d8H5W4m,13
Tg8R2hX1f5W9,12
Tg8R2hX1f5W9,14
Tg9B2xPfQ7a1,4
Tg9B2xPfQ7a1,13
Tg9B2xPfQ7a1,16
TgJ5p9L1vB2u,1
TgJ5p9L1vB2u,2
TgJ5p9L1vB2u,13
tH4m9Jk5E0qL,4
tH4m9Jk5E0qL,16
tL3s2Xk7Qn5J,1
tL3s2Xk7Qn5J,2
tL3s2Xk7Qn5J,13
Tq7K5aL2y4Rj,4
Tq7K5aL2y4Rj,13
TT2TSXv2HqmZ,4
TT2TSXv2HqmZ,5
TT2TSXv2HqmZ,13
TuMBBnxYlMzN,3
TuMBBnxYlMzN,16
tY2rN5kP9qS3,4
tY2rN5kP9qS3,5
tY2rN5kP9qS3,13
TYdsdf8c9d01,1
TYdsdf8c9d01,2
U1lM6nF3aE5k,5
U1lM6nF3aE5k,13
u5Q8sD1g6jC3,4
u5Q8sD1g6jC3,13
u5R7dE9jP2qL,4
u5R7dE9jP2qL,13
u5R7dE9jP2qL,16
u5v9K8g6Yt12,4
u5v9K8g6Yt12,8
u5v9K8g6Yt12,13
u6C3h1Q4B9Z7,10
u6C3h1Q4B9Z7,12
u6C3h1Q4B9Z7,14
U7qXxA6b3L4z,4
U7qXxA6b3L4z,8
U7rT1Ls4Fg8q,5
U7rT1Ls4Fg8q,13
U7rT1Ls4Fg8q,16
u8f3k2m5p1j0,10
u8f3k2m5p1j0,14
U8g6R5hF4t1J,7
U8g6R5hF4t1J,10
U8mK1pLr5B6j,5
U8mK1pLr5B6j,12
U9A5j6W4mQ1s,5
U9A5j6W4mQ1s,13
uA5jK7TpBnJl,2
uA5jK7TpBnJl,13
uJ3g8Fg5Lp2h,1
uJ3g8Fg5Lp2h,2
uJ3g8Fg5Lp2h,16
UPQ8dqheii5j,13
UPQ8dqheii5j,14
UW1SUnbKJeMR,5
UW1SUnbKJeMR,13
uXZUvDPZZXKh,3
uXZUvDPZZXKh,4
uXZUvDPZZXKh,13
uY1mD5qJ8t3K,4
uY1mD5qJ8t3K,5
v0j9b4t7h1q3,3
v0j9b4t7h1q3,16
v1B2g6R5kA3p,1
v1B2g6R5kA3p,2
V1jFqL4X2pK8,10
V1jFqL4X2pK8,14
v1N4x5cL3D9H,9
v1N4x5cL3D9H,10
v1N4x5cL3D9H,12
v1N4x5cL3D9H,14
v21pjIlzDua1,1
v21pjIlzDua1,2
v21pjIlzDua1,13
V2b5jM9qF3tK,4
V2b5jM9qF3tK,5
v2f4a8z5M1pN,7
v2f4a8z5M1pN,10
V2k8aQ1nF5d3,1
V2k8aQ1nF5d3,2
v3c8b6j4T5fR,10
v3c8b6j4T5fR,14
V3p0u4g2Ah7H,4
V3p0u4g2Ah7H,8
V3qL7H5wP8Df,1
V3qL7H5wP8Df,2
V3qL7H5wP8Df,16
v4LoZ6qT2H3x,3
v4LoZ6qT2H3x,4
v4LoZ6qT2H3x,13
V4nZ3jTlR6Xk,3
V4nZ3jTlR6Xk,16
V5mT3pKj4R2H,9
V5mT3pKj4R2H,10
V5mT3pKj4R2H,12
V5mT3pKj4R2H,14
V7D6g1T2nP8b,3
V7D6g1T2nP8b,12
V7gN1kY5bP9j,4
V7gN1kY5bP9j,13
V7hRkX8qF4cN,4
V7hRkX8qF4cN,5
V7hRkX8qF4cN,13
v7Y3z6QhB2N4,4
v7Y3z6QhB2N4,8
v7Y3z6QhB2N4,13
V8b2y4KxP7jN,3
V8b2y4KxP7jN,4
V8b2y4KxP7jN,16
v8D6g2H3b1Nw,1
v8D6g2H3b1Nw,2
V9hQ2Ka1Rf5s,3
V9hQ2Ka1Rf5s,8
V9hQ2Ka1Rf5s,16
v9R6hD4j2xK1,7
v9R6hD4j2xK1,14
vB8h0Tz3Lp7k,1
vB8h0Tz3Lp7k,2
Vg2F4xLwS9H6,3
Vg2F4xLwS9H6,16
VGzXXcxY4A9L,14
VGzXXcxY4A9L,17
vmBAU7siuQQY,2
vmBAU7siuQQY,4
vmBAU7siuQQY,5
vmBAU7siuQQY,13
VVUwdUHaz9zD,4
VVUwdUHaz9zD,13
VVUwdUHaz9zD,16
vW2sD5aF9zT1,10
vW2sD5aF9zT1,12
vW2sD5aF9zT1,14
vY5kX1dN9qH6,3
vY5kX1dN9qH6,4
vY5kX1dN9qH6,16
w0GxstRSIRCH,5
w0GxstRSIRCH,13
w0GxstRSIRCH,16
W0zM7jFxYv2H,1
W0zM7jFxYv2H,2
W0zM7jFxYv2H,13
w1sb9nJuPujl,3
w1sb9nJuPujl,16
W1vF7yKrZ8Ct,9
W1vF7yKrZ8Ct,14
W1X2Y3Z4A5B6,3
W1X2Y3Z4A5B6,16
W2eN8h5Q9Z3P,4
W2eN8h5Q9Z3P,8
W2eN8h5Q9Z3P,13
W2xY8Le3Zt4d,7
W2xY8Le3Zt4d,10
W2xY8Le3Zt4d,14
W3dF7c5L0hJ8,4
W3dF7c5L0hJ8,13
W3dF7c5L0hJ8,16
w6Y0m8H3e2Rp,3
w6Y0m8H3e2Rp,16
w7Jq4hK9u3V2,1
w7Jq4hK9u3V2,2
w7TqJ5hE9zLb,4
w7TqJ5hE9zLb,13
w8f9j2a3c7kz,4
w8f9j2a3c7kz,8
W8K0qA3nH5dB,3
W8K0qA3nH5dB,4
w9G7t5K0x3Bd,4
w9G7t5K0x3Bd,8
w9G7t5K0x3Bd,13
W9nK3D2jG6sP,5
W9nK3D2jG6sP,13
wDvMtDZrua6a,9
wDvMtDZrua6a,14
WExaa9hjc1d2,4
WExaa9hjc1d2,13
WgK7fZ2R4v8q,7
WgK7fZ2R4v8q,10
Wh0bIMUPP1te,9
Wh0bIMUPP1te,14
WhQRWbyZFKvW,3
Wj2Q9rBc5e3T,1
Wj2Q9rBc5e3T,16
Wm2z9dJ5Kb8e,4
Wm2z9dJ5Kb8e,13
wP8jG6zT2kD1,1
wP8jG6zT2kD1,2
wP8jG6zT2kD1,16
X0mG5KASU9FO,4
X0mG5KASU9FO,8
X0mG5KASU9FO,13
x245aa6c7d89,10
x245aa6c7d89,14
X2fK5R1m3T7b,3
X2fK5R1m3T7b,16
X2VVStNUKBdA,10
X2VVStNUKBdA,14
X2VVStNUKBdA,17
X2yH6z9D4kJ3,1
X2yH6z9D4kJ3,2
X2yH6z9D4kJ3,13
X3b2m1nqJk6z,4
X3b2m1nqJk6z,8
X3b2m1nqJk6z,13
X3hFfZ1yDg1m,1
X3hFfZ1yDg1m,2
X3hFfZ1yDg1m,13
x3L1fV7nA8k4,4
x3L1fV7nA8k4,13
X4cH2bW7q1Kr,1
X4cH2bW7q1Kr,2
X4cH2bW7q1Kr,13
X4zRgH9vP5nA,7
X4zRgH9vP5nA,10
x5H6gWm4sP1e,4
x5H6gWm4sP1e,13
X6b2sH7q3M8j,1
X6b2sH7q3M8j,8
X6b2sH7q3M8j,13
x6K2hM5jP4eC,4
x6K2hM5jP4eC,13
x6Zq3hK0n8Lp,7
x6Zq3hK0n8Lp,10
X7b8P9nW6kR5,3
X7b8P9nW6kR5,4
X7b8P9nW6kR5,13
x7k3v1z5b9t2,1
x7k3v1z5b9t2,2
x9D2pQ6mRj3k,4
x9D2pQ6mRj3k,13
x9D2pQ6mRj3k,16
xB4f7hK9Qm1e,5
xB4f7hK9Qm1e,13
xB5zT3uK2wN9,1
xB5zT3uK2wN9,2
XbqkU9pT2a2x,4
XbqkU9pT2a2x,8
XbqkU9pT2a2x,13
xcH3bfUFFBlo,4
xcH3bfUFFBlo,8
xcH3bfUFFBlo,15
xD7h3gA6Tf2s,7
xD7h3gA6Tf2s,10
xD9r5Wk4Hm0t,5
xD9r5Wk4Hm0t,12
xdaa1b2c3d45,1
xdaa1b2c3d45,2
Xf4J5zMkP6V7,2
Xf4J5zMkP6V7,5
Xf4J5zMkP6V7,13
Xf8d2Lk0FgTb,4
Xf8d2Lk0FgTb,8
Xf8d2Lk0FgTb,13
xfhkkfc5d678,7
xfhkkfc5d678,10
xH3j2KxLpq9q,4
xH3j2KxLpq9q,8
xH3j2KxLpq9q,13
xH5vB3gD1k9R,10
xH5vB3gD1k9R,14
xJ1m5Q6hF4d9,4
xJ1m5Q6hF4d9,8
xJ1m5Q6hF4d9,13
xK8hM4y5qF2n,4
xK8hM4y5qF2n,13
xM2c5Zk8Rj7S,4
xM2c5Zk8Rj7S,13
xM2c5Zk8Rj7S,16
xM8pQ9LhKtFg,10
xM8pQ9LhKtFg,14
xM9t8Vb3Nf1Q,3
xM9t8Vb3Nf1Q,8
xM9t8Vb3Nf1Q,16
xR7pJ4Q9fM3B,5
xR7pJ4Q9fM3B,13
Xw1N4vH8t9Rb,4
Xw1N4vH8t9Rb,13
xW6q3B1dJ5l0,4
xW6q3B1dJ5l0,5
xW6q3B1dJ5l0,13
y0Z7fJq9kS6c,14
y0Z7fJq9kS6c,17
Y1nXfG2vL5cB,3
Y1nXfG2vL5cB,16
Y2oL8pFrV1Xb,1
Y2oL8pFrV1Xb,12
Y2t3W4kP7j9X,10
Y2t3W4kP7j9X,14
y3XvK7nL5M4z,10
y3XvK7nL5M4z,14
Y4b8Q3w7Z1d5,10
Y4b8Q3w7Z1d5,12
Y4b8Q3w7Z1d5,14
y4D7qG9wZ1r0,4
y4D7qG9wZ1r0,5
Y4jQ7N8k3B1v,4
Y4jQ7N8k3B1v,5
Y4jQ7N8k3B1v,13
Y4kX2g6J8P1Q,1
Y4kX2g6J8P1Q,2
Y4kX2g6J8P1Q,16
y5K4a6z1c2Fr,4
y5K4a6z1c2Fr,8
y5M8dQ1tFj4e,7
y5M8dQ1tFj4e,10
y5Tq6P2h3Gf9,1
y5Tq6P2h3Gf9,2
y5Tq6P2h3Gf9,13
y5z4b8x2t6h9,3
y5z4b8x2t6h9,8
Y5Z6A7B8C9D0,4
Y5Z6A7B8C9D0,13
y7H1xD6g4W2r,3
y7H1xD6g4W2r,4
y7H1xD6g4W2r,13
y7L3k6Wv8FpN,4
y7L3k6Wv8FpN,8
Y8gC3s8kGHsb,1
Y8gC3s8kGHsb,2
Y8n6b2c1Hf9d,4
Y8n6b2c1Hf9d,13
y8q5m3e2D7xH,1
y8q5m3e2D7xH,2
y9B1pW8kJ5F3,4
y9B1pW8kJ5F3,5
y9B1pW8kJ5F3,13
YcR5kDx8Ht2s,7
YcR5kDx8Ht2s,9
YcR5kDx8Ht2s,10
Yd4Jg7Xh8Z1M,3
Yd4Jg7Xh8Z1M,16
yE9p2K4rJ7v3,4
yE9p2K4rJ7v3,8
yE9p2K4rJ7v3,13
Yg2f6H4e1R3v,1
Yg2f6H4e1R3v,4
Yg2f6H4e1R3v,13
Yg5f9wT4e8Qx,7
Yg5f9wT4e8Qx,11
yoP4kkMhN7is,4
yoP4kkMhN7is,8
yqkIDwZQUf4b,4
yqkIDwZQUf4b,8
yW1uN4pK8mZ6,1
yW1uN4pK8mZ6,2
yW1uN4pK8mZ6,3
yX6rJ5kM9qC2,5
yX6rJ5kM9qC2,13
Z1e4uJk7jD6l,4
Z1e4uJk7jD6l,13
z1L4pB8rW9mD,1
z1L4pB8rW9mD,16
Z1mXk4R8yQ3n,4
Z1mXk4R8yQ3n,5
Z1mXk4R8yQ3n,13
z1R6qJ2fN8C3,3
z1R6qJ2fN8C3,16
Z2g6R9fX4vT8,5
Z2g6R9fX4vT8,13
Z2g9Rf6sDk4a,4
Z2g9Rf6sDk4a,8
Z2g9Rf6sDk4a,13
Z2hR8xF4kN6p,4
Z2hR8xF4kN6p,7
Z2hR8xF4kN6p,13
Z3kR1bD4aG3q,4
Z3kR1bD4aG3q,8
Z3nC9gHyL8u2,4
Z3nC9gHyL8u2,8
Z3nC9gHyL8u2,13
Z3sG2jN7TkR5,4
Z3sG2jN7TkR5,8
z3VjR2gT7MnF,5
z3VjR2gT7MnF,13
Z3x9Q8aBf3Dq,4
Z3x9Q8aBf3Dq,8
Z3x9Q8aBf3Dq,13
Z4F8n6qD1kY3,4
Z4F8n6qD1kY3,13
Z4kFqV1hTy8r,4
Z4kFqV1hTy8r,13
Z4kFqV1hTy8r,16
Z5cJ8N6hR1yA,4
Z5cJ8N6hR1yA,13
Z5hY1dC6kQ7t,4
Z5hY1dC6kQ7t,13
Z5hY1dC6kQ7t,16
z7H5nJ8bR2v0,7
z7H5nJ8bR2v0,10
Z9fA6N8e3jMb,10
Z9fA6N8e3jMb,14
Za82lVtyySqu,3
Za82lVtyySqu,4
Za82lVtyySqu,16
ZbX9sT3K1P74,4
ZbX9sT3K1P74,8
zC9k4mN5Aq7p,10
zC9k4mN5Aq7p,14
ZDxaa9b0d234,3
ZDxaa9b0d234,8
zF1xG7tN8kJ2,1
zF1xG7tN8kJ2,8
zF1xG7tN8kJ2,13
zG2j9mQ8Rw6s,2
zG2j9mQ8Rw6s,13
ZGDPa9w6JGyy,4
ZGDPa9w6JGyy,13
ZGDPa9w6JGyy,16
zH7nD4mY5qQ3,3
zH7nD4mY5qQ3,16
ZR8c5Le2Fp3t,1
ZR8c5Le2Fp3t,2
ZR8c5Le2Fp3t,13
ZrBJ9ybWAejq,4
ZrBJ9ybWAejq,12
ZrBJ9ybWAejq,14
ZxCvBnM0aSdF,5
ZxCvBnM0aSdF,13
ZxCvBnM1aSdF,7
ZxCvBnM1aSdF,13
ZxCvBnM1aSdF,16
ZxCvBnM3aSdF,1
ZxCvBnM3aSdF,7
ZxCvBnM4aSdF,4
ZxCvBnM4aSdF,8
ZxCvBnM4aSdF,13
ZxCvBnM5aSdF,3
ZxCvBnM5aSdF,4
ZxCvBnM5aSdF,13
ZxCvBnM7aSdF,4
ZxCvBnM7aSdF,8
ZxCvBnM7aSdF,13
ZxCvBnM8aSdF,4
ZxCvBnM8aSdF,5
ZxCvBnM8aSdF,13
ZZpYoCdD9KF2,8
ZZpYoCdD9KF2,12
ZZpYoCdD9KF2,13
zzYfXDSNyL1o,4
zzYfXDSNyL1o,13